page,category,host,kind,rep,first_arm,width,control_bytes,ablated_bytes,own_bytes,diff_bytes,n_aborted
https://amazon.com.br/,shopping,s.amazon-adsystem.com,ablation,0,control,page,7440001,11434573,23955,-4018527,1
https://amazon.com.br/,shopping,s.amazon-adsystem.com,ablation,0,control,third_party,6805484,10790613,23955,-4009084,1
https://amazon.com.br/,shopping,s.amazon-adsystem.com,ablation,0,control,listed,56310,4682,23955,27673,1
https://amazon.com.br/,shopping,s.amazon-adsystem.com,ablation,1,ablated,page,11401330,11466095,23955,-88720,1
https://amazon.com.br/,shopping,s.amazon-adsystem.com,ablation,1,ablated,third_party,10738509,10803040,23955,-88486,1
https://amazon.com.br/,shopping,s.amazon-adsystem.com,ablation,1,ablated,listed,57709,4754,23955,29000,1
https://amazonalexa.com/,productivity,s.amazon-adsystem.com,ablation,0,control,page,7341829,7285974,23952,31903,1
https://amazonalexa.com/,productivity,s.amazon-adsystem.com,ablation,0,control,third_party,7341514,7285659,23952,31903,1
https://amazonalexa.com/,productivity,s.amazon-adsystem.com,ablation,0,control,listed,57023,3858,23952,29213,1
https://amazonalexa.com/,productivity,s.amazon-adsystem.com,ablation,1,ablated,page,7338577,7285258,23952,29367,1
https://amazonalexa.com/,productivity,s.amazon-adsystem.com,ablation,1,ablated,third_party,7338262,7284943,23952,29367,1
https://amazonalexa.com/,productivity,s.amazon-adsystem.com,ablation,1,ablated,listed,55695,3838,23952,27905,1
https://amzn.to/,infrastructure,s.amazon-adsystem.com,ablation,0,control,page,2572237,2523869,23952,24416,1
https://amzn.to/,infrastructure,s.amazon-adsystem.com,ablation,0,control,third_party,2571791,2523423,23952,24416,1
https://amzn.to/,infrastructure,s.amazon-adsystem.com,ablation,0,control,listed,55901,8306,23952,23643,1
https://amzn.to/,infrastructure,s.amazon-adsystem.com,ablation,1,ablated,page,2575461,2524558,23952,26951,1
https://amzn.to/,infrastructure,s.amazon-adsystem.com,ablation,1,ablated,third_party,2575015,2524112,23952,26951,1
https://amzn.to/,infrastructure,s.amazon-adsystem.com,ablation,1,ablated,listed,57041,8306,23952,24783,1
https://att.com/,productivity,cdn.quantummetric.com,ablation,0,control,page,7120498,7242435,206108,-328045,2
https://att.com/,productivity,cdn.quantummetric.com,ablation,0,control,third_party,1094354,883471,206108,4775,2
https://att.com/,productivity,cdn.quantummetric.com,ablation,0,control,listed,857836,646570,206108,5158,2
https://att.com/,productivity,cdn.quantummetric.com,ablation,1,ablated,page,7088103,7216707,206109,-334713,2
https://att.com/,productivity,cdn.quantummetric.com,ablation,1,ablated,third_party,1090723,881112,206109,3502,2
https://att.com/,productivity,cdn.quantummetric.com,ablation,1,ablated,listed,853640,643201,206109,4330,2
https://att.com/,productivity,connect.facebook.net,ablation,0,control,page,7423262,7254111,178467,-9316,1
https://att.com/,productivity,connect.facebook.net,ablation,0,control,third_party,1085026,910626,178467,-4067,1
https://att.com/,productivity,connect.facebook.net,ablation,0,control,listed,848236,675442,178467,-5673,1
https://att.com/,productivity,connect.facebook.net,ablation,1,ablated,page,7116921,6925087,178468,13366,1
https://att.com/,productivity,connect.facebook.net,ablation,1,ablated,third_party,1089447,908171,178468,2808,1
https://att.com/,productivity,connect.facebook.net,ablation,1,ablated,listed,852057,671266,178468,2323,1
https://att.com/,productivity,s2.go-mpulse.net,ablation,0,control,page,7120144,6991667,118330,10147,4
https://att.com/,productivity,s2.go-mpulse.net,ablation,0,control,third_party,1095605,965826,118330,11449,4
https://att.com/,productivity,s2.go-mpulse.net,ablation,0,control,listed,858072,729034,118330,10708,4
https://att.com/,productivity,s2.go-mpulse.net,ablation,1,ablated,page,7392081,7299250,118330,-25499,4
https://att.com/,productivity,s2.go-mpulse.net,ablation,1,ablated,third_party,1051090,961702,118330,-28942,4
https://att.com/,productivity,s2.go-mpulse.net,ablation,1,ablated,listed,814512,724897,118330,-28715,4
https://att.com/,productivity,_JOINT,joint,0,control,page,7426708,6914008,502821,9879,7
https://att.com/,productivity,_JOINT,joint,0,control,third_party,1085156,571236,502821,11099,7
https://att.com/,productivity,_JOINT,joint,0,control,listed,848197,335263,502821,10113,7
https://att.com/,productivity,_JOINT,joint,1,ablated,page,7421855,6588861,502821,330173,7
https://att.com/,productivity,_JOINT,joint,1,ablated,third_party,1081758,575667,502821,3270,7
https://att.com/,productivity,_JOINT,joint,1,ablated,listed,849838,339690,502821,7327,7
https://braze.com/,productivity,js.qualified.com,ablation,0,control,page,7474820,6315746,463635,695439,1
https://braze.com/,productivity,js.qualified.com,ablation,0,control,third_party,4494301,2935806,463635,1094860,1
https://braze.com/,productivity,js.qualified.com,ablation,0,control,listed,2063237,503812,463635,1095790,1
https://braze.com/,productivity,js.qualified.com,ablation,1,ablated,page,8013669,6312309,476676,1224684,1
https://braze.com/,productivity,js.qualified.com,ablation,1,ablated,third_party,4633729,2932400,476676,1224653,1
https://braze.com/,productivity,js.qualified.com,ablation,1,ablated,listed,2202370,501336,476676,1224358,1
https://braze.com/,productivity,dev.visualwebsiteoptimizer.com,ablation,0,control,page,8016635,7781882,222563,12190,2
https://braze.com/,productivity,dev.visualwebsiteoptimizer.com,ablation,0,control,third_party,4636733,4401981,222563,12189,2
https://braze.com/,productivity,dev.visualwebsiteoptimizer.com,ablation,0,control,listed,2205782,1970972,222563,12247,2
https://braze.com/,productivity,dev.visualwebsiteoptimizer.com,ablation,1,ablated,page,8015478,7794210,221264,4,2
https://braze.com/,productivity,dev.visualwebsiteoptimizer.com,ablation,1,ablated,third_party,4635549,4414298,221264,-13,2
https://braze.com/,productivity,dev.visualwebsiteoptimizer.com,ablation,1,ablated,listed,2204560,1983234,221264,62,2
https://braze.com/,productivity,app.qualified.com,ablation,0,control,page,8003548,6583973,16858,1402717,11
https://braze.com/,productivity,app.qualified.com,ablation,0,control,third_party,4623694,3204048,16858,1402788,11
https://braze.com/,productivity,app.qualified.com,ablation,0,control,listed,2192597,772725,16858,1403014,11
https://braze.com/,productivity,app.qualified.com,ablation,1,ablated,page,7403759,6584193,16858,802708,11
https://braze.com/,productivity,app.qualified.com,ablation,1,ablated,third_party,4494037,3203861,16858,1273318,11
https://braze.com/,productivity,app.qualified.com,ablation,1,ablated,listed,2063048,772872,16858,1273318,11
https://braze.com/,productivity,_JOINT,joint,0,control,page,8004021,6056488,704667,1242866,3
https://braze.com/,productivity,_JOINT,joint,0,control,third_party,4624087,2713414,704667,1206006,3
https://braze.com/,productivity,_JOINT,joint,0,control,listed,2192358,282425,704667,1205266,3
https://braze.com/,productivity,_JOINT,joint,1,ablated,page,8015714,5921978,714715,1379021,3
https://braze.com/,productivity,_JOINT,joint,1,ablated,third_party,4636421,2710975,714715,1210731,3
https://braze.com/,productivity,_JOINT,joint,1,ablated,listed,2204331,279590,714715,1210026,3
https://creativecommons.org/,reference,region1.analytics.google.com,ablation,0,control,page,20661338,20659525,1920,-107,3
https://creativecommons.org/,reference,region1.analytics.google.com,ablation,0,control,third_party,183964,182044,1920,0,3
https://creativecommons.org/,reference,region1.analytics.google.com,ablation,0,control,listed,3320,1400,1920,0,3
https://creativecommons.org/,reference,region1.analytics.google.com,ablation,1,ablated,page,20661426,20659551,1920,-45,3
https://creativecommons.org/,reference,region1.analytics.google.com,ablation,1,ablated,third_party,183964,182044,1920,0,3
https://creativecommons.org/,reference,region1.analytics.google.com,ablation,1,ablated,listed,3320,1400,1920,0,3
https://creativecommons.org/,reference,ad.doubleclick.net,ablation,0,control,page,20661606,20660812,558,236,2
https://creativecommons.org/,reference,ad.doubleclick.net,ablation,0,control,third_party,184130,183406,558,166,2
https://creativecommons.org/,reference,ad.doubleclick.net,ablation,0,control,listed,3320,2762,558,0,2
https://creativecommons.org/,reference,ad.doubleclick.net,ablation,1,ablated,page,20661435,20660905,558,-28,2
https://creativecommons.org/,reference,ad.doubleclick.net,ablation,1,ablated,third_party,183964,183406,558,0,2
https://creativecommons.org/,reference,ad.doubleclick.net,ablation,1,ablated,listed,3320,2762,558,0,2
https://creativecommons.org/,reference,_JOINT,joint,0,control,page,20661306,20658758,2478,70,5
https://creativecommons.org/,reference,_JOINT,joint,0,control,third_party,183964,181486,2478,0,5
https://creativecommons.org/,reference,_JOINT,joint,0,control,listed,3320,842,2478,0,5
https://creativecommons.org/,reference,_JOINT,joint,1,ablated,page,20661661,20659130,2478,53,5
https://creativecommons.org/,reference,_JOINT,joint,1,ablated,third_party,183953,181652,2478,-177,5
https://creativecommons.org/,reference,_JOINT,joint,1,ablated,listed,3320,842,2478,0,5
https://dailymotion.com/,entertainment,pagead2.googlesyndication.com,ablation,0,control,page,3537541,3519880,17909,-248,1
https://dailymotion.com/,entertainment,pagead2.googlesyndication.com,ablation,0,control,third_party,1473935,1456029,17909,-3,1
https://dailymotion.com/,entertainment,pagead2.googlesyndication.com,ablation,0,control,listed,37223,19315,17909,-1,1
https://dailymotion.com/,entertainment,pagead2.googlesyndication.com,ablation,1,ablated,page,3537906,3519272,17909,725,1
https://dailymotion.com/,entertainment,pagead2.googlesyndication.com,ablation,1,ablated,third_party,1474302,1456025,17909,368,1
https://dailymotion.com/,entertainment,pagead2.googlesyndication.com,ablation,1,ablated,listed,37223,19310,17909,4,1
https://dailymotion.com/,entertainment,s0.2mdn.net,ablation,0,control,page,3537516,3520128,17425,-37,1
https://dailymotion.com/,entertainment,s0.2mdn.net,ablation,0,control,third_party,1473937,1456508,17425,4,1
https://dailymotion.com/,entertainment,s0.2mdn.net,ablation,0,control,listed,37222,19798,17425,-1,1
https://dailymotion.com/,entertainment,s0.2mdn.net,ablation,1,ablated,page,3535980,3520119,17425,-1564,1
https://dailymotion.com/,entertainment,s0.2mdn.net,ablation,1,ablated,third_party,1473931,1456508,17425,-2,1
https://dailymotion.com/,entertainment,s0.2mdn.net,ablation,1,ablated,listed,37220,19795,17425,0,1
https://dailymotion.com/,entertainment,securepubads.g.doubleclick.net,ablation,0,control,page,3537549,3536813,1890,-1154,1
https://dailymotion.com/,entertainment,securepubads.g.doubleclick.net,ablation,0,control,third_party,1473944,1473545,1890,-1491,1
https://dailymotion.com/,entertainment,securepubads.g.doubleclick.net,ablation,0,control,listed,37225,36829,1890,-1494,1
https://dailymotion.com/,entertainment,securepubads.g.doubleclick.net,ablation,1,ablated,page,3538115,3536028,1888,199,1
https://dailymotion.com/,entertainment,securepubads.g.doubleclick.net,ablation,1,ablated,third_party,1474444,1472409,1888,147,1
https://dailymotion.com/,entertainment,securepubads.g.doubleclick.net,ablation,1,ablated,listed,37727,35335,1888,504,1
https://dailymotion.com/,entertainment,_JOINT,joint,0,control,page,3537780,3500301,37222,257,3
https://dailymotion.com/,entertainment,_JOINT,joint,0,control,third_party,1473942,1436704,37222,16,3
https://dailymotion.com/,entertainment,_JOINT,joint,0,control,listed,37222,0,37222,0,3
https://dailymotion.com/,entertainment,_JOINT,joint,1,ablated,page,3537538,3500327,37223,-12,3
https://dailymotion.com/,entertainment,_JOINT,joint,1,ablated,third_party,1473935,1436707,37223,5,3
https://dailymotion.com/,entertainment,_JOINT,joint,1,ablated,listed,37223,0,37223,0,3
https://disneyplus.com/,entertainment,browser-intake-datadoghq.com,ablation,0,control,page,6009741,5491597,1856,516288,8
https://disneyplus.com/,entertainment,browser-intake-datadoghq.com,ablation,0,control,third_party,5671314,5383335,1856,286123,8
https://disneyplus.com/,entertainment,browser-intake-datadoghq.com,ablation,0,control,listed,362357,360492,1856,9,8
https://disneyplus.com/,entertainment,browser-intake-datadoghq.com,ablation,1,ablated,page,6046659,5497410,1856,547393,8
https://disneyplus.com/,entertainment,browser-intake-datadoghq.com,ablation,1,ablated,third_party,5707650,5389730,1856,316064,8
https://disneyplus.com/,entertainment,browser-intake-datadoghq.com,ablation,1,ablated,listed,362349,360501,1856,-8,8
https://fiverr.com/,shopping,connect.facebook.net,ablation,0,control,page,923071,923024,0,47,0
https://fiverr.com/,shopping,connect.facebook.net,ablation,0,control,third_party,906996,906955,0,41,0
https://fiverr.com/,shopping,connect.facebook.net,ablation,0,control,listed,630844,630801,0,43,0
https://fiverr.com/,shopping,connect.facebook.net,ablation,1,ablated,page,923025,924928,0,-1903,0
https://fiverr.com/,shopping,connect.facebook.net,ablation,1,ablated,third_party,906945,908849,0,-1904,0
https://fiverr.com/,shopping,connect.facebook.net,ablation,1,ablated,listed,630788,632692,0,-1904,0
https://fiverr.com/,shopping,bat.bing.com,ablation,0,control,page,923041,922996,0,45,0
https://fiverr.com/,shopping,bat.bing.com,ablation,0,control,third_party,906950,906947,0,3,0
https://fiverr.com/,shopping,bat.bing.com,ablation,0,control,listed,630792,630789,0,3,0
https://fiverr.com/,shopping,bat.bing.com,ablation,1,ablated,page,923051,923098,0,-47,0
https://fiverr.com/,shopping,bat.bing.com,ablation,1,ablated,third_party,906971,907027,0,-56,0
https://fiverr.com/,shopping,bat.bing.com,ablation,1,ablated,listed,630788,630842,0,-54,0
https://fiverr.com/,shopping,cdn.pdst.fm,ablation,0,control,page,923033,923085,0,-52,0
https://fiverr.com/,shopping,cdn.pdst.fm,ablation,0,control,third_party,907009,907005,0,4,0
https://fiverr.com/,shopping,cdn.pdst.fm,ablation,0,control,listed,630851,630822,0,29,0
https://fiverr.com/,shopping,cdn.pdst.fm,ablation,1,ablated,page,923025,923032,0,-7,0
https://fiverr.com/,shopping,cdn.pdst.fm,ablation,1,ablated,third_party,906952,906953,0,-1,0
https://fiverr.com/,shopping,cdn.pdst.fm,ablation,1,ablated,listed,630794,630795,0,-1,0
https://fiverr.com/,shopping,_JOINT,joint,0,control,page,923031,923050,0,-19,0
https://fiverr.com/,shopping,_JOINT,joint,0,control,third_party,906953,906978,0,-25,0
https://fiverr.com/,shopping,_JOINT,joint,0,control,listed,630795,630795,0,0,0
https://fiverr.com/,shopping,_JOINT,joint,1,ablated,page,923011,923048,0,-37,0
https://fiverr.com/,shopping,_JOINT,joint,1,ablated,third_party,906939,906973,0,-34,0
https://fiverr.com/,shopping,_JOINT,joint,1,ablated,listed,630781,630790,0,-9,0
https://fwmrm.net/,infrastructure,connect.facebook.net,ablation,0,control,page,2755333,2531823,221616,1894,1
https://fwmrm.net/,infrastructure,connect.facebook.net,ablation,0,control,third_party,2755024,2531514,221616,1894,1
https://fwmrm.net/,infrastructure,connect.facebook.net,ablation,0,control,listed,772970,550691,221616,663,1
https://fwmrm.net/,infrastructure,connect.facebook.net,ablation,1,ablated,page,2758828,2534219,221700,2909,1
https://fwmrm.net/,infrastructure,connect.facebook.net,ablation,1,ablated,third_party,2758519,2533910,221700,2909,1
https://fwmrm.net/,infrastructure,connect.facebook.net,ablation,1,ablated,listed,773030,549246,221700,2084,1
https://fwmrm.net/,infrastructure,snap.licdn.com,ablation,0,control,page,2755581,2586781,166695,2105,7
https://fwmrm.net/,infrastructure,snap.licdn.com,ablation,0,control,third_party,2755272,2586472,166695,2105,7
https://fwmrm.net/,infrastructure,snap.licdn.com,ablation,0,control,listed,771769,603586,166695,1488,7
https://fwmrm.net/,infrastructure,snap.licdn.com,ablation,1,ablated,page,2754309,2587675,166695,-61,7
https://fwmrm.net/,infrastructure,snap.licdn.com,ablation,1,ablated,third_party,2754000,2587675,166695,-370,7
https://fwmrm.net/,infrastructure,snap.licdn.com,ablation,1,ablated,listed,773001,603662,166695,2644,7
https://fwmrm.net/,infrastructure,js.hubspot.com,ablation,0,control,page,2755643,2402066,43900,309677,1
https://fwmrm.net/,infrastructure,js.hubspot.com,ablation,0,control,third_party,2755334,2401757,43900,309677,1
https://fwmrm.net/,infrastructure,js.hubspot.com,ablation,0,control,listed,772971,726045,43900,3026,1
https://fwmrm.net/,infrastructure,js.hubspot.com,ablation,1,ablated,page,2753300,2399615,43879,309806,1
https://fwmrm.net/,infrastructure,js.hubspot.com,ablation,1,ablated,third_party,2752991,2399306,43879,309806,1
https://fwmrm.net/,infrastructure,js.hubspot.com,ablation,1,ablated,listed,771032,726423,43879,730,1
https://fwmrm.net/,infrastructure,_JOINT,joint,0,control,page,2755160,2008159,432278,314723,9
https://fwmrm.net/,infrastructure,_JOINT,joint,0,control,third_party,2754851,2007850,432278,314723,9
https://fwmrm.net/,infrastructure,_JOINT,joint,0,control,listed,772118,334915,432278,4925,9
https://fwmrm.net/,infrastructure,_JOINT,joint,1,ablated,page,2754911,2007184,432606,315121,9
https://fwmrm.net/,infrastructure,_JOINT,joint,1,ablated,third_party,2754602,2006875,432606,315121,9
https://fwmrm.net/,infrastructure,_JOINT,joint,1,ablated,listed,772218,334476,432606,5136,9
https://harvard.edu/,reference,connect.facebook.net,ablation,0,control,page,3140266,2977955,161611,700,1
https://harvard.edu/,reference,connect.facebook.net,ablation,0,control,third_party,685655,523542,161611,502,1
https://harvard.edu/,reference,connect.facebook.net,ablation,0,control,listed,207596,45471,161611,514,1
https://harvard.edu/,reference,connect.facebook.net,ablation,1,ablated,page,3135972,2973878,161611,483,1
https://harvard.edu/,reference,connect.facebook.net,ablation,1,ablated,third_party,681361,519267,161611,483,1
https://harvard.edu/,reference,connect.facebook.net,ablation,1,ablated,listed,207597,45511,161611,475,1
https://harvard.edu/,reference,www.google-analytics.com,ablation,0,control,page,3135945,3112904,23572,-531,1
https://harvard.edu/,reference,www.google-analytics.com,ablation,0,control,third_party,681334,658491,23572,-729,1
https://harvard.edu/,reference,www.google-analytics.com,ablation,0,control,listed,207577,184004,23572,1,1
https://harvard.edu/,reference,www.google-analytics.com,ablation,1,ablated,page,3135946,3112394,23572,-20,1
https://harvard.edu/,reference,www.google-analytics.com,ablation,1,ablated,third_party,681335,657783,23572,-20,1
https://harvard.edu/,reference,www.google-analytics.com,ablation,1,ablated,listed,207577,184005,23572,0,1
https://harvard.edu/,reference,cdn.parsely.com,ablation,0,control,page,3135768,3115684,20034,50,2
https://harvard.edu/,reference,cdn.parsely.com,ablation,0,control,third_party,681355,661073,20034,248,2
https://harvard.edu/,reference,cdn.parsely.com,ablation,0,control,listed,207601,187314,20034,253,2
https://harvard.edu/,reference,cdn.parsely.com,ablation,1,ablated,page,3135988,3115654,20034,300,2
https://harvard.edu/,reference,cdn.parsely.com,ablation,1,ablated,third_party,681377,661043,20034,300,2
https://harvard.edu/,reference,cdn.parsely.com,ablation,1,ablated,listed,207620,187273,20034,313,2
https://harvard.edu/,reference,_JOINT,joint,0,control,page,3135482,2930040,205198,244,4
https://harvard.edu/,reference,_JOINT,joint,0,control,third_party,680871,475429,205198,244,4
https://harvard.edu/,reference,_JOINT,joint,0,control,listed,207103,1676,205198,229,4
https://harvard.edu/,reference,_JOINT,joint,1,ablated,page,3135942,2930032,205197,713,4
https://harvard.edu/,reference,_JOINT,joint,1,ablated,third_party,681331,475421,205197,713,4
https://harvard.edu/,reference,_JOINT,joint,1,ablated,listed,207576,1676,205197,703,4
https://imgur.com/,social,securepubads.g.doubleclick.net,ablation,0,control,page,4282802,4055177,257425,-29800,2
https://imgur.com/,social,securepubads.g.doubleclick.net,ablation,0,control,third_party,1977296,1749677,257425,-29806,2
https://imgur.com/,social,securepubads.g.doubleclick.net,ablation,0,control,listed,635030,652039,257425,-274434,2
https://imgur.com/,social,securepubads.g.doubleclick.net,ablation,1,ablated,page,4287496,3877924,256864,152708,2
https://imgur.com/,social,securepubads.g.doubleclick.net,ablation,1,ablated,third_party,1981999,1572434,256864,152701,2
https://imgur.com/,social,securepubads.g.doubleclick.net,ablation,1,ablated,listed,634468,478459,256864,-100855,2
https://imgur.com/,social,quicklyedit.com,ablation,0,control,page,4282349,4174088,48422,59839,1
https://imgur.com/,social,quicklyedit.com,ablation,0,control,third_party,1977349,1869102,48422,59825,1
https://imgur.com/,social,quicklyedit.com,ablation,0,control,listed,634672,586426,48422,-176,1
https://imgur.com/,social,quicklyedit.com,ablation,1,ablated,page,4283056,4172709,48429,61918,1
https://imgur.com/,social,quicklyedit.com,ablation,1,ablated,third_party,1977598,1867246,48429,61923,1
https://imgur.com/,social,quicklyedit.com,ablation,1,ablated,listed,634576,584542,48429,1605,1
https://imgur.com/,social,btloader.com,ablation,0,control,page,4283183,4229375,36586,17222,2
https://imgur.com/,social,btloader.com,ablation,0,control,third_party,1977730,1923915,36586,17229,2
https://imgur.com/,social,btloader.com,ablation,0,control,listed,635111,582386,36586,16139,2
https://imgur.com/,social,btloader.com,ablation,1,ablated,page,4286105,4234935,36528,14642,2
https://imgur.com/,social,btloader.com,ablation,1,ablated,third_party,1981115,1929490,36528,15097,2
https://imgur.com/,social,btloader.com,ablation,1,ablated,listed,633342,582580,36528,14234,2
https://imgur.com/,social,_JOINT,joint,0,control,page,4282342,3948472,342082,-8212,5
https://imgur.com/,social,_JOINT,joint,0,control,third_party,1977340,1643298,342082,-8040,5
https://imgur.com/,social,_JOINT,joint,0,control,listed,634748,597981,342082,-305315,5
https://imgur.com/,social,_JOINT,joint,1,ablated,page,4287310,4005662,341831,-60183,5
https://imgur.com/,social,_JOINT,joint,1,ablated,third_party,1982316,1700651,341831,-60166,5
https://imgur.com/,social,_JOINT,joint,1,ablated,listed,634622,524193,341831,-231402,5
https://livejournal.com/,social,yandex.ru,ablation,0,control,page,3200789,2638503,220677,341609,3
https://livejournal.com/,social,yandex.ru,ablation,0,control,third_party,2784552,2223265,220677,340610,3
https://livejournal.com/,social,yandex.ru,ablation,0,control,listed,641263,420805,220677,-219,3
https://livejournal.com/,social,yandex.ru,ablation,1,ablated,page,3179366,2640801,222734,315831,3
https://livejournal.com/,social,yandex.ru,ablation,1,ablated,third_party,2763226,2225247,222734,315245,3
https://livejournal.com/,social,yandex.ru,ablation,1,ablated,listed,638829,421696,222734,-5601,3
https://livejournal.com/,social,ssp.rambler.ru,ablation,0,control,page,3357398,2418260,107676,831462,2
https://livejournal.com/,social,ssp.rambler.ru,ablation,0,control,third_party,2941158,2002745,107676,830737,2
https://livejournal.com/,social,ssp.rambler.ru,ablation,0,control,listed,669149,246043,107676,315430,2
https://livejournal.com/,social,ssp.rambler.ru,ablation,1,ablated,page,3203875,2418016,107676,678183,2
https://livejournal.com/,social,ssp.rambler.ru,ablation,1,ablated,third_party,2787636,2002708,107676,677252,2
https://livejournal.com/,social,ssp.rambler.ru,ablation,1,ablated,listed,644819,245697,107676,291446,2
https://livejournal.com/,social,mc.webvisor.org,ablation,0,control,page,3261807,3125860,92220,43727,1
https://livejournal.com/,social,mc.webvisor.org,ablation,0,control,third_party,2845608,2709659,92220,43729,1
https://livejournal.com/,social,mc.webvisor.org,ablation,0,control,listed,654993,557993,92220,4780,1
https://livejournal.com/,social,mc.webvisor.org,ablation,1,ablated,page,3135235,3114231,92220,-71216,1
https://livejournal.com/,social,mc.webvisor.org,ablation,1,ablated,third_party,2719096,2697987,92220,-71111,1
https://livejournal.com/,social,mc.webvisor.org,ablation,1,ablated,listed,610463,554054,92220,-35811,1
https://livejournal.com/,social,_JOINT,joint,0,control,page,3217616,2311699,429496,476421,3
https://livejournal.com/,social,_JOINT,joint,0,control,third_party,2801454,1896327,429496,475631,3
https://livejournal.com/,social,_JOINT,joint,0,control,listed,652254,141031,429496,81727,3
https://livejournal.com/,social,_JOINT,joint,1,ablated,page,3200961,2314370,420772,465819,3
https://livejournal.com/,social,_JOINT,joint,1,ablated,third_party,2784913,1899091,420772,465050,3
https://livejournal.com/,social,_JOINT,joint,1,ablated,listed,640153,142317,420772,77064,3
https://mlb.com/,news,analytics.tiktok.com,ablation,0,control,page,61576571,95442542,679982,-34545953,5
https://mlb.com/,news,analytics.tiktok.com,ablation,0,control,third_party,23039316,22343330,679982,16004,5
https://mlb.com/,news,analytics.tiktok.com,ablation,0,control,listed,2883390,2191808,679982,11600,5
https://mlb.com/,news,analytics.tiktok.com,ablation,1,ablated,page,96319078,73945237,680563,21693278,5
https://mlb.com/,news,analytics.tiktok.com,ablation,1,ablated,third_party,23104924,22507070,680563,-82709,5
https://mlb.com/,news,analytics.tiktok.com,ablation,1,ablated,listed,2792819,2191794,680563,-79538,5
https://mlb.com/,news,pagead2.googlesyndication.com,ablation,0,control,page,70320294,86758687,505543,-16943936,14
https://mlb.com/,news,pagead2.googlesyndication.com,ablation,0,control,third_party,23191189,22170085,505543,515561,14
https://mlb.com/,news,pagead2.googlesyndication.com,ablation,0,control,listed,2875451,2083250,505543,286658,14
https://mlb.com/,news,pagead2.googlesyndication.com,ablation,1,ablated,page,96245519,94034378,505440,1705701,16
https://mlb.com/,news,pagead2.googlesyndication.com,ablation,1,ablated,third_party,23031178,22387385,505440,138353,16
https://mlb.com/,news,pagead2.googlesyndication.com,ablation,1,ablated,listed,2870121,2082654,505440,282027,16
https://mlb.com/,news,connect.facebook.net,ablation,0,control,page,87951829,25410321,290892,62250616,1
https://mlb.com/,news,connect.facebook.net,ablation,0,control,third_party,23368503,23478915,290892,-401304,1
https://mlb.com/,news,connect.facebook.net,ablation,0,control,listed,2837335,2534555,290892,11888,1
https://mlb.com/,news,connect.facebook.net,ablation,1,ablated,page,34193333,78511771,291230,-44609668,1
https://mlb.com/,news,connect.facebook.net,ablation,1,ablated,third_party,23409025,22660002,291230,457793,1
https://mlb.com/,news,connect.facebook.net,ablation,1,ablated,listed,2876851,2503387,291230,82234,1
https://mlb.com/,news,_JOINT,joint,0,control,page,91954239,92836826,1486251,-2368838,20
https://mlb.com/,news,_JOINT,joint,0,control,third_party,23109833,21076368,1486251,547214,20
https://mlb.com/,news,_JOINT,joint,0,control,listed,2793007,1109765,1486251,196991,20
https://mlb.com/,news,_JOINT,joint,1,ablated,page,100854469,93998090,1473201,5383178,20
https://mlb.com/,news,_JOINT,joint,1,ablated,third_party,23246757,21014185,1473201,759371,20
https://mlb.com/,news,_JOINT,joint,1,ablated,listed,2869147,1112907,1473201,283039,20
https://nbcnews.com/,news,cdn.taboola.com,ablation,0,control,page,8141572,7664852,368177,108543,1
https://nbcnews.com/,news,cdn.taboola.com,ablation,0,control,third_party,5782957,5303828,368177,110952,1
https://nbcnews.com/,news,cdn.taboola.com,ablation,0,control,listed,2214215,1735202,368177,110836,1
https://nbcnews.com/,news,cdn.taboola.com,ablation,1,ablated,page,8043898,7667092,370372,6434,1
https://nbcnews.com/,news,cdn.taboola.com,ablation,1,ablated,third_party,5683712,5306560,370372,6780,1
https://nbcnews.com/,news,cdn.taboola.com,ablation,1,ablated,listed,2114384,1736740,370372,7272,1
https://nbcnews.com/,news,securepubads.g.doubleclick.net,ablation,0,control,page,8148354,7327777,256025,564552,1
https://nbcnews.com/,news,securepubads.g.doubleclick.net,ablation,0,control,third_party,5789445,4965916,256025,567504,1
https://nbcnews.com/,news,securepubads.g.doubleclick.net,ablation,0,control,listed,2220305,1399776,256025,564504,1
https://nbcnews.com/,news,securepubads.g.doubleclick.net,ablation,1,ablated,page,8049206,7327435,254736,467035,1
https://nbcnews.com/,news,securepubads.g.doubleclick.net,ablation,1,ablated,third_party,5687076,4965363,254736,466977,1
https://nbcnews.com/,news,securepubads.g.doubleclick.net,ablation,1,ablated,listed,2118037,1398913,254736,464388,1
https://nbcnews.com/,news,www.lightboxcdn.com,ablation,0,control,page,8039803,8001701,146891,-108789,1
https://nbcnews.com/,news,www.lightboxcdn.com,ablation,0,control,third_party,5680867,5642651,146891,-108675,1
https://nbcnews.com/,news,www.lightboxcdn.com,ablation,0,control,listed,2111500,2073749,146891,-109140,1
https://nbcnews.com/,news,www.lightboxcdn.com,ablation,1,ablated,page,8148930,7995512,147035,6383,1
https://nbcnews.com/,news,www.lightboxcdn.com,ablation,1,ablated,third_party,5789722,5636639,147035,6048,1
https://nbcnews.com/,news,www.lightboxcdn.com,ablation,1,ablated,listed,2220877,2067853,147035,5989,1
https://nbcnews.com/,news,_JOINT,joint,0,control,page,8150881,6615837,771829,763215,3
https://nbcnews.com/,news,_JOINT,joint,0,control,third_party,5792032,4256735,771829,763468,3
https://nbcnews.com/,news,_JOINT,joint,0,control,listed,2222875,690682,771829,760364,3
https://nbcnews.com/,news,_JOINT,joint,1,ablated,page,8037364,6712660,771848,552856,3
https://nbcnews.com/,news,_JOINT,joint,1,ablated,third_party,5678572,4353828,771848,552896,3
https://nbcnews.com/,news,_JOINT,joint,1,ablated,listed,2109355,787250,771848,550257,3
https://nist.gov/,reference,js-agent.newrelic.com,ablation,0,control,page,6235336,6210414,22849,2073,2
https://nist.gov/,reference,js-agent.newrelic.com,ablation,0,control,third_party,5746117,5722036,22849,1232,2
https://nist.gov/,reference,js-agent.newrelic.com,ablation,0,control,listed,36096,12165,22849,1082,2
https://nist.gov/,reference,js-agent.newrelic.com,ablation,1,ablated,page,17716348,10683076,22849,7010423,2
https://nist.gov/,reference,js-agent.newrelic.com,ablation,1,ablated,third_party,17227108,10193847,22849,7010412,2
https://nist.gov/,reference,js-agent.newrelic.com,ablation,1,ablated,listed,36096,12165,22849,1082,2
https://nist.gov/,reference,static.cloudflareinsights.com,ablation,0,control,page,10707748,6226206,10495,4471047,1
https://nist.gov/,reference,static.cloudflareinsights.com,ablation,0,control,third_party,10218087,5737134,10495,4470458,1
https://nist.gov/,reference,static.cloudflareinsights.com,ablation,0,control,listed,36076,25600,10495,-19,1
https://nist.gov/,reference,static.cloudflareinsights.com,ablation,1,ablated,page,10708233,6225691,10495,4472047,1
https://nist.gov/,reference,static.cloudflareinsights.com,ablation,1,ablated,third_party,10218481,5736635,10495,4471351,1
https://nist.gov/,reference,static.cloudflareinsights.com,ablation,1,ablated,listed,36096,25600,10495,1,1
https://nist.gov/,reference,region1.google-analytics.com,ablation,0,control,page,6236275,6235022,1670,-417,2
https://nist.gov/,reference,region1.google-analytics.com,ablation,0,control,third_party,5746420,5745093,1670,-343,2
https://nist.gov/,reference,region1.google-analytics.com,ablation,0,control,listed,36096,34426,1670,0,2
https://nist.gov/,reference,region1.google-analytics.com,ablation,1,ablated,page,10708436,6234320,1670,4472446,1
https://nist.gov/,reference,region1.google-analytics.com,ablation,1,ablated,third_party,10218857,5745043,1670,4472144,1
https://nist.gov/,reference,region1.google-analytics.com,ablation,1,ablated,listed,36095,34426,1670,-1,1
https://nist.gov/,reference,_JOINT,joint,0,control,page,6236174,6199841,35014,1319,5
https://nist.gov/,reference,_JOINT,joint,0,control,third_party,5746317,5710337,35014,966,5
https://nist.gov/,reference,_JOINT,joint,0,control,listed,36096,0,35014,1082,5
https://nist.gov/,reference,_JOINT,joint,1,ablated,page,6236196,6199436,35013,1747,5
https://nist.gov/,reference,_JOINT,joint,1,ablated,third_party,5746620,5710546,35013,1061,5
https://nist.gov/,reference,_JOINT,joint,1,ablated,listed,36095,0,35013,1082,5
https://no-ip.com/,infrastructure,us-assets.i.posthog.com,ablation,0,control,page,3230311,2812944,215173,202194,1
https://no-ip.com/,infrastructure,us-assets.i.posthog.com,ablation,0,control,third_party,3229960,2812593,215173,202194,1
https://no-ip.com/,infrastructure,us-assets.i.posthog.com,ablation,0,control,listed,421902,204237,215173,2492,1
https://no-ip.com/,infrastructure,us-assets.i.posthog.com,ablation,1,ablated,page,3030533,3012641,215204,-197312,1
https://no-ip.com/,infrastructure,us-assets.i.posthog.com,ablation,1,ablated,third_party,3030182,3012290,215204,-197312,1
https://no-ip.com/,infrastructure,us-assets.i.posthog.com,ablation,1,ablated,listed,421931,204231,215204,2496,1
https://no-ip.com/,infrastructure,www.googleadservices.com,ablation,0,control,page,3208682,3001814,27934,178934,2
https://no-ip.com/,infrastructure,www.googleadservices.com,ablation,0,control,third_party,3208331,3001463,27934,178934,2
https://no-ip.com/,infrastructure,www.googleadservices.com,ablation,0,control,listed,400269,393252,27934,-20917,2
https://no-ip.com/,infrastructure,www.googleadservices.com,ablation,1,ablated,page,3229929,3001619,27929,200381,2
https://no-ip.com/,infrastructure,www.googleadservices.com,ablation,1,ablated,third_party,3229929,3001619,27929,200381,2
https://no-ip.com/,infrastructure,www.googleadservices.com,ablation,1,ablated,listed,421872,393393,27929,550,2
https://no-ip.com/,infrastructure,cdn.inspectlet.com,ablation,0,control,page,3230390,3004882,24615,200893,1
https://no-ip.com/,infrastructure,cdn.inspectlet.com,ablation,0,control,third_party,3230039,3004531,24615,200893,1
https://no-ip.com/,infrastructure,cdn.inspectlet.com,ablation,0,control,listed,421982,396322,24615,1045,1
https://no-ip.com/,infrastructure,cdn.inspectlet.com,ablation,1,ablated,page,3030559,3204740,24611,-198792,1
https://no-ip.com/,infrastructure,cdn.inspectlet.com,ablation,1,ablated,third_party,3030208,3204389,24611,-198792,1
https://no-ip.com/,infrastructure,cdn.inspectlet.com,ablation,1,ablated,listed,421994,396339,24611,1044,1
https://no-ip.com/,infrastructure,_JOINT,joint,0,control,page,3030631,2736898,267832,25901,4
https://no-ip.com/,infrastructure,_JOINT,joint,0,control,third_party,3030631,2736547,267832,26252,4
https://no-ip.com/,infrastructure,_JOINT,joint,0,control,listed,422009,128341,267832,25836,4
https://no-ip.com/,infrastructure,_JOINT,joint,1,ablated,page,3030523,2758587,267785,4151,4
https://no-ip.com/,infrastructure,_JOINT,joint,1,ablated,third_party,3030172,2758236,267785,4151,4
https://no-ip.com/,infrastructure,_JOINT,joint,1,ablated,listed,421953,150023,267785,4145,4
https://scribd.com/,social,region1.google-analytics.com,ablation,0,control,page,2644700,2640607,4532,-439,6
https://scribd.com/,social,region1.google-analytics.com,ablation,0,control,third_party,1318653,1314546,4532,-425,6
https://scribd.com/,social,region1.google-analytics.com,ablation,0,control,listed,125204,120672,4532,0,6
https://scribd.com/,social,region1.google-analytics.com,ablation,1,ablated,page,2656774,2637204,4532,15038,6
https://scribd.com/,social,region1.google-analytics.com,ablation,1,ablated,third_party,1330722,1311147,4532,15043,6
https://scribd.com/,social,region1.google-analytics.com,ablation,1,ablated,listed,122371,117843,4532,-4,6
https://scribd.com/,social,pagead2.googlesyndication.com,ablation,0,control,page,2655114,2683639,2216,-30741,8
https://scribd.com/,social,pagead2.googlesyndication.com,ablation,0,control,third_party,1329619,1357585,2216,-30182,8
https://scribd.com/,social,pagead2.googlesyndication.com,ablation,0,control,listed,122412,120177,2216,19,8
https://scribd.com/,social,pagead2.googlesyndication.com,ablation,1,ablated,page,2645249,2655814,2216,-12781,8
https://scribd.com/,social,pagead2.googlesyndication.com,ablation,1,ablated,third_party,1319200,1329749,2216,-12765,8
https://scribd.com/,social,pagead2.googlesyndication.com,ablation,1,ablated,listed,125228,122010,2216,1002,8
https://scribd.com/,social,browser-intake-datadoghq.com,ablation,0,control,page,2644552,2645167,0,-615,8
https://scribd.com/,social,browser-intake-datadoghq.com,ablation,0,control,third_party,1318491,1319125,0,-634,8
https://scribd.com/,social,browser-intake-datadoghq.com,ablation,0,control,listed,125203,125201,0,2,8
https://scribd.com/,social,browser-intake-datadoghq.com,ablation,1,ablated,page,2641190,2645094,0,-3904,0
https://scribd.com/,social,browser-intake-datadoghq.com,ablation,1,ablated,third_party,1315678,1319045,0,-3367,0
https://scribd.com/,social,browser-intake-datadoghq.com,ablation,1,ablated,listed,122331,125201,0,-2870,0
https://scribd.com/,social,_JOINT,joint,0,control,page,2656679,2653359,6748,-3428,22
https://scribd.com/,social,_JOINT,joint,0,control,third_party,1330629,1327864,6748,-3983,22
https://scribd.com/,social,_JOINT,joint,0,control,listed,122371,115623,6748,0,22
https://scribd.com/,social,_JOINT,joint,1,ablated,page,2657518,2652768,8604,-3854,14
https://scribd.com/,social,_JOINT,joint,1,ablated,third_party,1331464,1327275,8604,-4415,14
https://scribd.com/,social,_JOINT,joint,1,ablated,listed,124227,115623,8604,0,14
https://ted.com/,entertainment,securepubads.g.doubleclick.net,ablation,0,control,page,4618494,4352949,257168,8377,1
https://ted.com/,entertainment,securepubads.g.doubleclick.net,ablation,0,control,third_party,2445911,2175821,257168,12922,1
https://ted.com/,entertainment,securepubads.g.doubleclick.net,ablation,0,control,listed,521415,262179,257168,2068,1
https://ted.com/,entertainment,securepubads.g.doubleclick.net,ablation,1,ablated,page,4621563,4352329,256507,12727,1
https://ted.com/,entertainment,securepubads.g.doubleclick.net,ablation,1,ablated,third_party,2444504,2177812,256507,10185,1
https://ted.com/,entertainment,securepubads.g.doubleclick.net,ablation,1,ablated,listed,520102,263746,256507,-151,1
https://ted.com/,entertainment,api.sail-personalize.com,ablation,0,control,page,4622398,4413350,104756,104292,9
https://ted.com/,entertainment,api.sail-personalize.com,ablation,0,control,third_party,2446020,2342372,104756,-1108,9
https://ted.com/,entertainment,api.sail-personalize.com,ablation,0,control,listed,521640,416403,104756,481,9
https://ted.com/,entertainment,api.sail-personalize.com,ablation,1,ablated,page,4620484,4412835,104759,102890,9
https://ted.com/,entertainment,api.sail-personalize.com,ablation,1,ablated,third_party,2445420,2338013,104759,2648,9
https://ted.com/,entertainment,api.sail-personalize.com,ablation,1,ablated,listed,520756,413548,104759,2449,9
https://ted.com/,entertainment,ak.sail-horizon.com,ablation,0,control,page,4621166,4564849,49635,6682,1
https://ted.com/,entertainment,ak.sail-horizon.com,ablation,0,control,third_party,2447504,2390014,49635,7855,1
https://ted.com/,entertainment,ak.sail-horizon.com,ablation,0,control,listed,521165,465630,49635,5900,1
https://ted.com/,entertainment,ak.sail-horizon.com,ablation,1,ablated,page,4619876,4565798,49635,4443,1
https://ted.com/,entertainment,ak.sail-horizon.com,ablation,1,ablated,third_party,2445491,2388687,49635,7169,1
https://ted.com/,entertainment,ak.sail-horizon.com,ablation,1,ablated,listed,521079,464439,49635,7005,1
https://ted.com/,entertainment,_JOINT,joint,0,control,page,4619929,4095440,410903,113586,10
https://ted.com/,entertainment,_JOINT,joint,0,control,third_party,2445613,2022938,410903,11772,10
https://ted.com/,entertainment,_JOINT,joint,0,control,listed,521162,109353,410903,906,10
https://ted.com/,entertainment,_JOINT,joint,1,ablated,page,4620195,4095918,410818,113459,10
https://ted.com/,entertainment,_JOINT,joint,1,ablated,third_party,2445415,2022726,410818,11871,10
https://ted.com/,entertainment,_JOINT,joint,1,ablated,listed,521085,109357,410818,910,10
https://uol.com.br/,news,securepubads.g.doubleclick.net,ablation,0,control,page,5148665,3902093,256561,990011,2
https://uol.com.br/,news,securepubads.g.doubleclick.net,ablation,0,control,third_party,3539555,3186374,256561,96620,2
https://uol.com.br/,news,securepubads.g.doubleclick.net,ablation,0,control,listed,905182,626174,256561,22447,2
https://uol.com.br/,news,securepubads.g.doubleclick.net,ablation,1,ablated,page,4260681,4444841,256486,-440646,2
https://uol.com.br/,news,securepubads.g.doubleclick.net,ablation,1,ablated,third_party,3545348,3184553,256486,104309,2
https://uol.com.br/,news,securepubads.g.doubleclick.net,ablation,1,ablated,listed,910471,624383,256486,29602,2
https://uol.com.br/,news,4b91477e-f67b-4d81-86db-a9742bd41e9c.edge.permutive.app,ablation,0,control,page,4904333,5381405,150233,-627305,2
https://uol.com.br/,news,4b91477e-f67b-4d81-86db-a9742bd41e9c.edge.permutive.app,ablation,0,control,third_party,3540670,3324635,150233,65802,2
https://uol.com.br/,news,4b91477e-f67b-4d81-86db-a9742bd41e9c.edge.permutive.app,ablation,0,control,listed,906377,690395,150233,65749,2
https://uol.com.br/,news,4b91477e-f67b-4d81-86db-a9742bd41e9c.edge.permutive.app,ablation,1,ablated,page,5609470,5465661,150233,-6424,2
https://uol.com.br/,news,4b91477e-f67b-4d81-86db-a9742bd41e9c.edge.permutive.app,ablation,1,ablated,third_party,3542115,3327293,150233,64589,2
https://uol.com.br/,news,4b91477e-f67b-4d81-86db-a9742bd41e9c.edge.permutive.app,ablation,1,ablated,listed,907754,692991,150233,64530,2
https://uol.com.br/,news,c.amazon-adsystem.com,ablation,0,control,page,4201328,4511643,98824,-409139,1
https://uol.com.br/,news,c.amazon-adsystem.com,ablation,0,control,third_party,3532502,3439729,98824,-6051,1
https://uol.com.br/,news,c.amazon-adsystem.com,ablation,0,control,listed,904110,804732,98824,554,1
https://uol.com.br/,news,c.amazon-adsystem.com,ablation,1,ablated,page,5358277,4058417,98824,1201036,1
https://uol.com.br/,news,c.amazon-adsystem.com,ablation,1,ablated,third_party,3547039,3441254,98824,6961,1
https://uol.com.br/,news,c.amazon-adsystem.com,ablation,1,ablated,listed,906565,800852,98824,6889,1
https://uol.com.br/,news,_JOINT,joint,0,control,page,4694482,5818154,505534,-1629206,5
https://uol.com.br/,news,_JOINT,joint,0,control,third_party,3549173,2878790,505534,164849,5
https://uol.com.br/,news,_JOINT,joint,0,control,listed,908726,312442,505534,90750,5
https://uol.com.br/,news,_JOINT,joint,1,ablated,page,4219153,4972992,506082,-1259921,5
https://uol.com.br/,news,_JOINT,joint,1,ablated,third_party,3549566,2876742,506082,166742,5
https://uol.com.br/,news,_JOINT,joint,1,ablated,listed,909180,310390,506082,92708,5
