page,category,host,kind,width,n,mean_bytes,sd_bytes,se_bytes,own_mean_bytes
https://amazon.com.br/,shopping,s.amazon-adsystem.com,ablation,page,2,-2053623.5,2778793.178454363,1964903.4999999998,23955
https://amazon.com.br/,shopping,s.amazon-adsystem.com,ablation,third_party,2,-2048785,2772281.4321064157,1960298.9999999998,23955
https://amazon.com.br/,shopping,s.amazon-adsystem.com,ablation,listed,2,28336.5,938.3306986345485,663.4999999999999,23955
https://amazonalexa.com/,productivity,s.amazon-adsystem.com,ablation,page,2,30635,1793.2227970890845,1267.9999999999998,23952
https://amazonalexa.com/,productivity,s.amazon-adsystem.com,ablation,third_party,2,30635,1793.2227970890845,1267.9999999999998,23952
https://amazonalexa.com/,productivity,s.amazon-adsystem.com,ablation,listed,2,28559,924.8956697920041,653.9999999999999,23952
https://amzn.to/,infrastructure,s.amazon-adsystem.com,ablation,page,2,25683.5,1792.515690307898,1267.5,23952
https://amzn.to/,infrastructure,s.amazon-adsystem.com,ablation,third_party,2,25683.5,1792.515690307898,1267.5,23952
https://amzn.to/,infrastructure,s.amazon-adsystem.com,ablation,listed,2,24213,806.1017305526642,570.0,23952
https://att.com/,productivity,cdn.quantummetric.com,ablation,page,2,-331379,4714.988016951899,3334.0,206108.5
https://att.com/,productivity,cdn.quantummetric.com,ablation,third_party,2,4138.5,900.146932450475,636.5,206108.5
https://att.com/,productivity,cdn.quantummetric.com,ablation,listed,2,4744,585.4844148224613,413.99999999999994,206108.5
https://att.com/,productivity,connect.facebook.net,ablation,page,2,2025,16038.59601087327,11340.999999999998,178467.5
https://att.com/,productivity,connect.facebook.net,ablation,third_party,2,-629.5,4861.359120657514,3437.4999999999995,178467.5
https://att.com/,productivity,connect.facebook.net,ablation,listed,2,-1675,5654.025822367634,3997.9999999999995,178467.5
https://att.com/,productivity,s2.go-mpulse.net,ablation,page,2,-7676,25205.528322175673,17823.0,118330
https://att.com/,productivity,s2.go-mpulse.net,ablation,third_party,2,-8746.5,28560.74999890584,20195.5,118330
https://att.com/,productivity,s2.go-mpulse.net,ablation,listed,2,-9003.5,27876.270634717264,19711.5,118330
https://att.com/,productivity,_JOINT,joint,page,2,170026,226482.05937336406,160147.0,502821
https://att.com/,productivity,_JOINT,joint,third_party,2,7184.5,5535.93898990948,3914.4999999999995,502821
https://att.com/,productivity,_JOINT,joint,listed,2,8720,1969.9994923857214,1393.0,502821
https://braze.com/,productivity,js.qualified.com,ablation,page,2,960061.5,374232.72840907436,264622.5,470155.5
https://braze.com/,productivity,js.qualified.com,ablation,third_party,2,1159756.5,91777.51045054557,64896.5,470155.5
https://braze.com/,productivity,js.qualified.com,ablation,listed,2,1160074,90911.30464359204,64283.99999999999,470155.5
https://braze.com/,productivity,dev.visualwebsiteoptimizer.com,ablation,page,2,6097,8616.803235539268,6092.999999999999,221913.5
https://braze.com/,productivity,dev.visualwebsiteoptimizer.com,ablation,third_party,2,6088,8628.116944038253,6100.999999999999,221913.5
https://braze.com/,productivity,dev.visualwebsiteoptimizer.com,ablation,listed,2,6154.5,8616.096128758081,6092.499999999999,221913.5
https://braze.com/,productivity,app.qualified.com,ablation,page,2,1102712.5,424270.43267295917,300004.49999999994,16858
https://braze.com/,productivity,app.qualified.com,ablation,third_party,2,1338053,91549.1149602223,64734.99999999999,16858
https://braze.com/,productivity,app.qualified.com,ablation,listed,2,1338166,91708.92109277047,64848.0,16858
https://braze.com/,productivity,_JOINT,joint,page,2,1310943.5,96276.12379245438,68077.5,709691
https://braze.com/,productivity,_JOINT,joint,third_party,2,1208368.5,3341.079541106437,2362.4999999999995,709691
https://braze.com/,productivity,_JOINT,joint,listed,2,1207646,3365.828278447966,2379.9999999999995,709691
https://creativecommons.org/,reference,region1.analytics.google.com,ablation,page,2,-76,43.840620433565945,30.999999999999996,1920
https://creativecommons.org/,reference,region1.analytics.google.com,ablation,third_party,2,0,0.0,0.0,1920
https://creativecommons.org/,reference,region1.analytics.google.com,ablation,listed,2,0,0.0,0.0,1920
https://creativecommons.org/,reference,ad.doubleclick.net,ablation,page,2,104,186.67619023324855,132.0,558
https://creativecommons.org/,reference,ad.doubleclick.net,ablation,third_party,2,83,117.37972567696688,82.99999999999999,558
https://creativecommons.org/,reference,ad.doubleclick.net,ablation,listed,2,0,0.0,0.0,558
https://creativecommons.org/,reference,_JOINT,joint,page,2,61.5,12.020815280171307,8.499999999999998,2478
https://creativecommons.org/,reference,_JOINT,joint,third_party,2,-88.5,125.15790027001891,88.5,2478
https://creativecommons.org/,reference,_JOINT,joint,listed,2,0,0.0,0.0,2478
https://dailymotion.com/,entertainment,pagead2.googlesyndication.com,ablation,page,2,238.5,688.0148980945107,486.49999999999994,17909
https://dailymotion.com/,entertainment,pagead2.googlesyndication.com,ablation,third_party,2,182.5,262.33661582020915,185.5,17909
https://dailymotion.com/,entertainment,pagead2.googlesyndication.com,ablation,listed,2,1.5,3.5355339059327378,2.5,17909
https://dailymotion.com/,entertainment,s0.2mdn.net,ablation,page,2,-800.5,1079.752054871858,763.4999999999999,17425
https://dailymotion.com/,entertainment,s0.2mdn.net,ablation,third_party,2,1,4.242640687119285,2.9999999999999996,17425
https://dailymotion.com/,entertainment,s0.2mdn.net,ablation,listed,2,-0.5,0.7071067811865476,0.5,17425
https://dailymotion.com/,entertainment,securepubads.g.doubleclick.net,ablation,page,2,-477.5,956.7154749453988,676.5,1889
https://dailymotion.com/,entertainment,securepubads.g.doubleclick.net,ablation,third_party,2,-672,1158.2409075835649,819.0,1889
https://dailymotion.com/,entertainment,securepubads.g.doubleclick.net,ablation,listed,2,-495,1412.799348810722,999.0,1889
https://dailymotion.com/,entertainment,_JOINT,joint,page,2,122.5,190.21172413918129,134.5,37222.5
https://dailymotion.com/,entertainment,_JOINT,joint,third_party,2,10.5,7.7781745930520225,5.499999999999999,37222.5
https://dailymotion.com/,entertainment,_JOINT,joint,listed,2,0,0.0,0.0,37222.5
https://disneyplus.com/,entertainment,browser-intake-datadoghq.com,ablation,page,2,531840.5,21994.556428807562,15552.5,1856
https://disneyplus.com/,entertainment,browser-intake-datadoghq.com,ablation,third_party,2,301093.5,21171.48413550642,14970.5,1856
https://disneyplus.com/,entertainment,browser-intake-datadoghq.com,ablation,listed,2,0.5,12.020815280171307,8.499999999999998,1856
https://fiverr.com/,shopping,connect.facebook.net,ablation,page,2,-928,1378.8582233137677,974.9999999999999,0
https://fiverr.com/,shopping,connect.facebook.net,ablation,third_party,2,-931.5,1375.322689407835,972.5,0
https://fiverr.com/,shopping,connect.facebook.net,ablation,listed,2,-930.5,1376.7369029702081,973.5,0
https://fiverr.com/,shopping,bat.bing.com,ablation,page,2,-1,65.05382386916237,46.0,0
https://fiverr.com/,shopping,bat.bing.com,ablation,third_party,2,-26.5,41.71930009000631,29.5,0
https://fiverr.com/,shopping,bat.bing.com,ablation,listed,2,-25.5,40.30508652763321,28.499999999999996,0
https://fiverr.com/,shopping,cdn.pdst.fm,ablation,page,2,-29.5,31.81980515339464,22.5,0
https://fiverr.com/,shopping,cdn.pdst.fm,ablation,third_party,2,1.5,3.5355339059327378,2.5,0
https://fiverr.com/,shopping,cdn.pdst.fm,ablation,listed,2,14,21.213203435596427,15.0,0
https://fiverr.com/,shopping,_JOINT,joint,page,2,-28,12.727922061357855,9.0,0
https://fiverr.com/,shopping,_JOINT,joint,third_party,2,-29.5,6.363961030678928,4.5,0
https://fiverr.com/,shopping,_JOINT,joint,listed,2,-4.5,6.363961030678928,4.5,0
https://fwmrm.net/,infrastructure,connect.facebook.net,ablation,page,2,2401.5,717.7133829043457,507.49999999999994,221658
https://fwmrm.net/,infrastructure,connect.facebook.net,ablation,third_party,2,2401.5,717.7133829043457,507.49999999999994,221658
https://fwmrm.net/,infrastructure,connect.facebook.net,ablation,listed,2,1373.5,1004.7987360660841,710.5,221658
https://fwmrm.net/,infrastructure,snap.licdn.com,ablation,page,2,1022,1531.593288050062,1083.0,166695
https://fwmrm.net/,infrastructure,snap.licdn.com,ablation,third_party,2,867.5,1750.089283436705,1237.4999999999998,166695
https://fwmrm.net/,infrastructure,snap.licdn.com,ablation,listed,2,2066,817.415439051649,578.0,166695
https://fwmrm.net/,infrastructure,js.hubspot.com,ablation,page,2,309741.5,91.21677477306463,64.5,43889.5
https://fwmrm.net/,infrastructure,js.hubspot.com,ablation,third_party,2,309741.5,91.21677477306463,64.5,43889.5
https://fwmrm.net/,infrastructure,js.hubspot.com,ablation,listed,2,1878,1623.517169604313,1147.9999999999998,43889.5
https://fwmrm.net/,infrastructure,_JOINT,joint,page,2,314922,281.4284989122459,198.99999999999997,432442
https://fwmrm.net/,infrastructure,_JOINT,joint,third_party,2,314922,281.4284989122459,198.99999999999997,432442
https://fwmrm.net/,infrastructure,_JOINT,joint,listed,2,5030.5,149.19953083036154,105.5,432442
https://harvard.edu/,reference,connect.facebook.net,ablation,page,2,591.5,153.4421715174808,108.49999999999999,161611
https://harvard.edu/,reference,connect.facebook.net,ablation,third_party,2,492.5,13.435028842544403,9.5,161611
https://harvard.edu/,reference,connect.facebook.net,ablation,listed,2,494.5,27.577164466275352,19.499999999999996,161611
https://harvard.edu/,reference,www.google-analytics.com,ablation,page,2,-275.5,361.3315651863258,255.5,23572
https://harvard.edu/,reference,www.google-analytics.com,ablation,third_party,2,-374.5,501.3387078612622,354.5,23572
https://harvard.edu/,reference,www.google-analytics.com,ablation,listed,2,0.5,0.7071067811865476,0.5,23572
https://harvard.edu/,reference,cdn.parsely.com,ablation,page,2,175,176.7766952966369,125.0,20034
https://harvard.edu/,reference,cdn.parsely.com,ablation,third_party,2,274,36.76955262170047,25.999999999999996,20034
https://harvard.edu/,reference,cdn.parsely.com,ablation,listed,2,283,42.42640687119285,30.0,20034
https://harvard.edu/,reference,_JOINT,joint,page,2,478.5,331.6330803764908,234.5,205197.5
https://harvard.edu/,reference,_JOINT,joint,third_party,2,478.5,331.6330803764908,234.5,205197.5
https://harvard.edu/,reference,_JOINT,joint,listed,2,466,335.1686142824235,236.99999999999997,205197.5
https://imgur.com/,social,securepubads.g.doubleclick.net,ablation,page,2,61454,129052.64442079442,91254.0,257144.5
https://imgur.com/,social,securepubads.g.doubleclick.net,ablation,third_party,2,61447.5,129051.93731401322,91253.49999999999,257144.5
https://imgur.com/,social,securepubads.g.doubleclick.net,ablation,listed,2,-187644.5,122738.88797157974,86789.5,257144.5
https://imgur.com/,social,quicklyedit.com,ablation,page,2,60878.5,1470.0749980868322,1039.4999999999998,48425.5
https://imgur.com/,social,quicklyedit.com,ablation,third_party,2,60874,1483.5100269293766,1048.9999999999998,48425.5
https://imgur.com/,social,quicklyedit.com,ablation,listed,2,714.5,1259.3571772932412,890.5,48425.5
https://imgur.com/,social,btloader.com,ablation,page,2,15932,1824.3354954612926,1289.9999999999998,36557
https://imgur.com/,social,btloader.com,ablation,third_party,2,16163,1507.5516574897192,1065.9999999999998,36557
https://imgur.com/,social,btloader.com,ablation,listed,2,15186.5,1347.038418160373,952.5,36557
https://imgur.com/,social,_JOINT,joint,page,2,-34197.5,36749.04652504606,25985.5,341956.5
https://imgur.com/,social,_JOINT,joint,third_party,2,-34103,36858.648076129975,26062.999999999996,341956.5
https://imgur.com/,social,_JOINT,joint,listed,2,-268358.5,52264.383517841285,36956.49999999999,341956.5
https://livejournal.com/,social,yandex.ru,ablation,page,2,328720,18227.798605426822,12889.0,221705.5
https://livejournal.com/,social,yandex.ru,ablation,third_party,2,327927.5,17935.763504796778,12682.499999999998,221705.5
https://livejournal.com/,social,yandex.ru,ablation,listed,2,-2910,3805.648696345999,2691.0,221705.5
https://livejournal.com/,social,ssp.rambler.ru,ablation,page,2,754822.5,108384.62031349282,76639.5,107676
https://livejournal.com/,social,ssp.rambler.ru,ablation,third_party,2,753994.5,108530.28431041725,76742.5,107676
https://livejournal.com/,social,ssp.rambler.ru,ablation,listed,2,303438,16959.249039978156,11992.0,107676
https://livejournal.com/,social,mc.webvisor.org,ablation,page,2,-13744.5,81276.97474992533,57471.49999999999,92220
https://livejournal.com/,social,mc.webvisor.org,ablation,third_party,2,-13691,81204.14275146312,57420.0,92220
https://livejournal.com/,social,mc.webvisor.org,ablation,listed,2,-15515.5,28702.17135514315,20295.499999999996,92220
https://livejournal.com/,social,_JOINT,joint,page,2,471120,7496.746094139777,5300.999999999999,425134
https://livejournal.com/,social,_JOINT,joint,third_party,2,470340.5,7481.896851734859,5290.5,425134
https://livejournal.com/,social,_JOINT,joint,listed,2,79395.5,3297.2389206728712,2331.5,425134
https://mlb.com/,news,analytics.tiktok.com,ablation,page,2,-6426337.5,39767141.6088167,28119615.499999996,680272.5
https://mlb.com/,news,analytics.tiktok.com,ablation,third_party,2,-33352.5,69800.63169126767,49356.5,680272.5
https://mlb.com/,news,analytics.tiktok.com,ablation,listed,2,-33969,64444.29782377957,45569.0,680272.5
https://mlb.com/,news,pagead2.googlesyndication.com,ablation,page,2,-7619117.5,13187284.78936754,9324818.499999998,505491.5
https://mlb.com/,news,pagead2.googlesyndication.com,ablation,third_party,2,326957,266726.3347178152,188604.0,505491.5
https://mlb.com/,news,pagead2.googlesyndication.com,ablation,listed,2,284342.5,3274.6115036749015,2315.5,505491.5
https://mlb.com/,news,connect.facebook.net,ablation,page,2,8820474,75561631.45592032,53430141.99999999,291061
https://mlb.com/,news,connect.facebook.net,ablation,third_party,2,28244.5,607473.3143970195,429548.5,291061
https://mlb.com/,news,connect.facebook.net,ablation,listed,2,47061,49742.13362934887,35173.0,291061
https://mlb.com/,news,_JOINT,joint,page,2,1507170,5481503.081466615,3876007.9999999995,1479726
https://mlb.com/,news,_JOINT,joint,third_party,2,653292.5,150017.65337619436,106078.49999999999,1479726
https://mlb.com/,news,_JOINT,joint,listed,2,240015,60845.12430754004,43024.0,1479726
https://nbcnews.com/,news,cdn.taboola.com,ablation,page,2,57488.5,72201.96632017718,51054.49999999999,369274.5
https://nbcnews.com/,news,cdn.taboola.com,ablation,third_party,2,58866,73660.72760976503,52086.0,369274.5
https://nbcnews.com/,news,cdn.taboola.com,ablation,listed,2,59054,73230.80668680361,51782.0,369274.5
https://nbcnews.com/,news,securepubads.g.doubleclick.net,ablation,page,2,515793.5,68954.93198096855,48758.5,255380.5
https://nbcnews.com/,news,securepubads.g.doubleclick.net,ablation,third_party,2,517240.5,71083.32339234007,50263.5,255380.5
https://nbcnews.com/,news,securepubads.g.doubleclick.net,ablation,listed,2,514446,70792.70250527239,50057.99999999999,255380.5
https://nbcnews.com/,news,www.lightboxcdn.com,ablation,page,2,-51203,81438.90220281706,57586.0,146963
https://nbcnews.com/,news,www.lightboxcdn.com,ablation,third_party,2,-51313.5,81121.4112580643,57361.5,146963
https://nbcnews.com/,news,www.lightboxcdn.com,ablation,listed,2,-51575.5,81408.49661122603,57564.49999999999,146963
https://nbcnews.com/,news,_JOINT,joint,page,2,658035.5,148746.27538362096,105179.5,771838.5
https://nbcnews.com/,news,_JOINT,joint,third_party,2,658182,148896.8891280137,105286.0,771838.5
https://nbcnews.com/,news,_JOINT,joint,listed,2,655310.5,148568.08447476194,105053.5,771838.5
https://nist.gov/,reference,js-agent.newrelic.com,ablation,page,2,3506248,4955651.80992874,3504175.0,22849
https://nist.gov/,reference,js-agent.newrelic.com,ablation,third_party,2,3505822,4956238.708557125,3504589.9999999995,22849
https://nist.gov/,reference,js-agent.newrelic.com,ablation,listed,2,1082,0.0,0.0,22849
https://nist.gov/,reference,static.cloudflareinsights.com,ablation,page,2,4471547,707.1067811865476,500.0,10495
https://nist.gov/,reference,static.cloudflareinsights.com,ablation,third_party,2,4470904.5,631.4463555995869,446.49999999999994,10495
https://nist.gov/,reference,static.cloudflareinsights.com,ablation,listed,2,-9,14.142135623730951,10.0,10495
https://nist.gov/,reference,region1.google-analytics.com,ablation,page,2,2236014.5,3162791.7586184046,2236431.5,1670
https://nist.gov/,reference,region1.google-analytics.com,ablation,third_party,2,2235900.5,3162525.8864686782,2236243.4999999995,1670
https://nist.gov/,reference,region1.google-analytics.com,ablation,listed,2,-0.5,0.7071067811865476,0.5,1670
https://nist.gov/,reference,_JOINT,joint,page,2,1533,302.64170234784234,213.99999999999997,35013.5
https://nist.gov/,reference,_JOINT,joint,third_party,2,1013.5,67.17514421272202,47.5,35013.5
https://nist.gov/,reference,_JOINT,joint,listed,2,1082,0.0,0.0,35013.5
https://no-ip.com/,infrastructure,us-assets.i.posthog.com,ablation,page,2,2441,282493.40172471286,199753.0,215188.5
https://no-ip.com/,infrastructure,us-assets.i.posthog.com,ablation,third_party,2,2441,282493.40172471286,199753.0,215188.5
https://no-ip.com/,infrastructure,us-assets.i.posthog.com,ablation,listed,2,2494,2.8284271247461903,2.0,215188.5
https://no-ip.com/,infrastructure,www.googleadservices.com,ablation,page,2,189657.5,15165.319136107884,10723.499999999998,27931.5
https://no-ip.com/,infrastructure,www.googleadservices.com,ablation,third_party,2,189657.5,15165.319136107884,10723.499999999998,27931.5
https://no-ip.com/,infrastructure,www.googleadservices.com,ablation,listed,2,-10183.5,15179.461271731616,10733.5,27931.5
https://no-ip.com/,infrastructure,cdn.inspectlet.com,ablation,page,2,1050.5,282619.97383854527,199842.5,24613
https://no-ip.com/,infrastructure,cdn.inspectlet.com,ablation,third_party,2,1050.5,282619.97383854527,199842.5,24613
https://no-ip.com/,infrastructure,cdn.inspectlet.com,ablation,listed,2,1044.5,0.7071067811865476,0.5,24613
https://no-ip.com/,infrastructure,_JOINT,joint,page,2,15026,15379.572490807408,10874.999999999998,267808.5
https://no-ip.com/,infrastructure,_JOINT,joint,third_party,2,15201.5,15627.766971003886,11050.499999999998,267808.5
https://no-ip.com/,infrastructure,_JOINT,joint,listed,2,14990.5,15337.853190717402,10845.499999999998,267808.5
https://scribd.com/,social,region1.google-analytics.com,ablation,page,2,7299.5,10943.891652424196,7738.499999999999,4532
https://scribd.com/,social,region1.google-analytics.com,ablation,third_party,2,7309,10937.527691393518,7734.0,4532
https://scribd.com/,social,region1.google-analytics.com,ablation,listed,2,-2,2.8284271247461903,2.0,4532
https://scribd.com/,social,pagead2.googlesyndication.com,ablation,page,2,-21761,12699.637790110393,8980.0,2216
https://scribd.com/,social,pagead2.googlesyndication.com,ablation,third_party,2,-21473.5,12315.678807926099,8708.5,2216
https://scribd.com/,social,pagead2.googlesyndication.com,ablation,listed,2,510.5,695.0859659063763,491.5,2216
https://scribd.com/,social,browser-intake-datadoghq.com,ablation,page,2,-2259.5,2325.6742033225546,1644.4999999999998,0
https://scribd.com/,social,browser-intake-datadoghq.com,ablation,third_party,2,-2000.5,1932.5228329828344,1366.5,0
https://scribd.com/,social,browser-intake-datadoghq.com,ablation,listed,2,-1434,2030.8106755677645,1436.0,0
https://scribd.com/,social,_JOINT,joint,page,2,-3641,301.22748878546923,212.99999999999997,7676
https://scribd.com/,social,_JOINT,joint,third_party,2,-4199,305.47012947258855,216.0,7676
https://scribd.com/,social,_JOINT,joint,listed,2,0,0.0,0.0,7676
https://ted.com/,entertainment,securepubads.g.doubleclick.net,ablation,page,2,10552,3075.914498161482,2175.0,256837.5
https://ted.com/,entertainment,securepubads.g.doubleclick.net,ablation,third_party,2,11553.5,1935.3512601075806,1368.5,256837.5
https://ted.com/,entertainment,securepubads.g.doubleclick.net,ablation,listed,2,958.5,1569.069947452949,1109.5,256837.5
https://ted.com/,entertainment,api.sail-personalize.com,ablation,page,2,103591,991.3637072235397,701.0,104757.5
https://ted.com/,entertainment,api.sail-personalize.com,ablation,third_party,2,770,2655.8930701366726,1878.0,104757.5
https://ted.com/,entertainment,api.sail-personalize.com,ablation,listed,2,1465,1391.5861453751256,984.0,104757.5
https://ted.com/,entertainment,ak.sail-horizon.com,ablation,page,2,5562.5,1583.2120830766798,1119.4999999999998,49635
https://ted.com/,entertainment,ak.sail-horizon.com,ablation,third_party,2,7512,485.0752518939716,343.0,49635
https://ted.com/,entertainment,ak.sail-horizon.com,ablation,listed,2,6452.5,781.352993211135,552.4999999999999,49635
https://ted.com/,entertainment,_JOINT,joint,page,2,113522.5,89.80256121069154,63.49999999999999,410860.5
https://ted.com/,entertainment,_JOINT,joint,third_party,2,11821.5,70.0035713374682,49.49999999999999,410860.5
https://ted.com/,entertainment,_JOINT,joint,listed,2,908,2.8284271247461903,2.0,410860.5
https://uol.com.br/,news,securepubads.g.doubleclick.net,ablation,page,2,274682.5,1011627.2662520026,715328.5,256523.5
https://uol.com.br/,news,securepubads.g.doubleclick.net,ablation,third_party,2,100464.5,5436.944040543364,3844.5,256523.5
https://uol.com.br/,news,securepubads.g.doubleclick.net,ablation,listed,2,26024.5,5059.349019389748,3577.5,256523.5
https://uol.com.br/,news,4b91477e-f67b-4d81-86db-a9742bd41e9c.edge.permutive.app,ablation,page,2,-316864.5,439029.1654098848,310440.5,150233
https://uol.com.br/,news,4b91477e-f67b-4d81-86db-a9742bd41e9c.edge.permutive.app,ablation,third_party,2,65195.5,857.7205255792821,606.5,150233
https://uol.com.br/,news,4b91477e-f67b-4d81-86db-a9742bd41e9c.edge.permutive.app,ablation,listed,2,65139.5,861.9631662664015,609.5,150233
https://uol.com.br/,news,c.amazon-adsystem.com,ablation,page,2,395948.5,1138565.6613970492,805087.5,98824
https://uol.com.br/,news,c.amazon-adsystem.com,ablation,third_party,2,455,9200.873436799357,6506.0,98824
https://uol.com.br/,news,c.amazon-adsystem.com,ablation,listed,2,3721.5,4479.521458816778,3167.4999999999995,98824
https://uol.com.br/,news,_JOINT,joint,page,2,-1444563.5,261123.9276904742,184642.5,505808
https://uol.com.br/,news,_JOINT,joint,third_party,2,165795.5,1338.5531367861345,946.4999999999999,505808
https://uol.com.br/,news,_JOINT,joint,listed,2,91729,1384.51507756326,979.0,505808
